"lfdn";"external_lfdn";"tester";"dispcode";"lastpage";"quality";"duration";"v_38";"v_40";"v_41";"v_42";"v_51";"v_52";"v_53";"v_54";"v_17";"v_18";"v_19";"v_20";"v_21";"v_22";"v_23";"v_1";"v_2";"v_3";"v_4";"v_9";"v_10";"v_11";"v_12";"v_13";"v_15";"v_16";"browser";"referer";"device_type";"quota";"quota_assignment";"quota_rejected_id";"page_history";"hflip";"vflip";"output_mode";"javascript";"flash";"session_id";"language";"cleaned";"ats";"datetime";"date_of_last_access";"date_of_first_mail";"rts7365785";"rts7365786";"rts7365788";"rts7365789";"rts7365790";"rts7365792";"rts7371199";"rnd_pg_7365787"
"2";"0";"0";"31";"7365780";"-77";"177";"4";"2";"3";"2";"4";"5";"5";"4";"4";"3";"3";"4";"2";"4";"4";"31";"0";"1";"0";"5";"1";"0";"0";"0";"17";"3";"Mozilla/5.0 (Linux; Android 10; K) AppleWebKit/537.36 (KHTML, like Gecko) Chrome/137.0.0.0 Mobile Safari/537.36";"-99";"0";"0";"-66";"0";"7365789,7365785,7371199,7365786,7365792,7365780";"1";"1";"0";"-77";"-77";"fd32f71f54c16b054208ec30d40357a3";"1";"0";"1750440598";"2025-06-20 17:29:58";"2025-06-20 17:32:55";"0000-00-00 00:00:00";"72";"123";"0";"46";"0";"177";"89";"7365789"
"4";"0";"0";"31";"7365780";"-77";"398";"3";"4";"5";"3";"5";"4";"1";"4";"1";"4";"5";"4";"3";"4";"2";"21";"1";"0";"0";"3";"1";"0";"0";"0";"3";"3";"Mozilla/5.0 (iPhone; CPU iPhone OS 16_6_1 like Mac OS X) AppleWebKit/605.1.15 (KHTML, like Gecko) Version/16.6.1 Mobile/20G81 Safari/604.1";"-99";"0";"0";"-66";"0";"7365789,7365785,7371199,7365786,7365792,7365792,7365792,7365780";"1";"1";"0";"-77";"-77";"66b2804ddc274d33681f40d084baf7a7";"1";"0";"1750440882";"2025-06-20 17:34:42";"2025-06-20 17:41:20";"0000-00-00 00:00:00";"162";"320";"0";"124";"0";"398";"219";"7365789"
"5";"0";"0";"31";"7365780";"-77";"358";"3";"3";"4";"4";"5";"4";"4";"5";"1";"5";"5";"4";"3";"2";"2";"26";"0";"1";"0";"3";"1";"0";"0";"0";"9";"3";"Mozilla/5.0 (iPhone; CPU iPhone OS 18_5 like Mac OS X) AppleWebKit/605.1.15 (KHTML, like Gecko) Version/18.5 Mobile/22F76 Safari/604.1";"-99";"0";"0";"-66";"0";"7365788,7365785,7371199,7365786,7365792,7365780";"1";"0";"0";"-77";"-77";"c4a3763b707b79ccceed15edfc750263";"1";"0";"1750440913";"2025-06-20 17:35:13";"2025-06-20 17:41:11";"0000-00-00 00:00:00";"98";"234";"36";"0";"0";"358";"181";"7365788"
"6";"0";"0";"31";"7365780";"-77";"129";"4";"4";"4";"2";"5";"4";"5";"4";"5";"5";"5";"5";"4";"5";"4";"28";"0";"1";"0";"4";"1";"0";"0";"0";"19";"5";"Mozilla/5.0 (Linux; Android 10; K) AppleWebKit/537.36 (KHTML, like Gecko) Chrome/129.0.0.0 Mobile Safari/537.36 (Ecosia android@129.0.0.0)";"-99";"0";"0";"-66";"0";"7365789,7365785,7371199,7365786,7365792,7365780";"1";"0";"0";"-77";"-77";"e5377acfc03aeda9996ad1cdc88d803c";"1";"0";"1750441014";"2025-06-20 17:36:54";"2025-06-20 17:39:03";"0000-00-00 00:00:00";"49";"86";"0";"21";"0";"129";"63";"7365789"
"7";"0";"0";"31";"7365780";"-77";"121";"4";"4";"5";"5";"4";"5";"5";"5";"5";"5";"5";"5";"5";"5";"4";"59";"1";"0";"0";"4";"0";"0";"1";"0";"4";"4";"Mozilla/5.0 (Linux; Android 10; K) AppleWebKit/537.36 (KHTML, like Gecko) Chrome/114.0.0.0 Mobile Safari/537.36";"-99";"0";"0";"-66";"0";"7365789,7365785,7371199,7365786,7365792,7365780";"0";"1";"0";"-77";"-77";"c60d1cf97586203ad8bd3dd676b2b889";"1";"0";"1750441158";"2025-06-20 17:39:18";"2025-06-20 17:41:19";"0000-00-00 00:00:00";"46";"93";"0";"26";"0";"121";"63";"7365789"
"8";"0";"0";"31";"7365780";"-77";"286";"5";"2";"2";"3";"3";"4";"3";"4";"1";"4";"3";"2";"3";"1";"2";"23";"1";"0";"0";"2";"1";"0";"0";"0";"5";"1";"Mozilla/5.0 (iPhone; CPU iPhone OS 18_0 like Mac OS X) AppleWebKit/605.1.15 (KHTML, like Gecko) Version/18.0 Mobile/22A3354 Safari/604.1";"-99";"0";"0";"-66";"0";"7365789,7365785,7371199,7365786,7365792,7365780";"1";"1";"0";"-77";"-77";"11cbda8f0a4c5fdff1fd9c97868963dc";"1";"0";"1750441269";"2025-06-20 17:41:09";"2025-06-20 17:45:55";"0000-00-00 00:00:00";"131";"253";"0";"23";"0";"286";"199";"7365789"
"9";"0";"0";"31";"7365780";"-77";"126";"5";"4";"3";"4";"4";"3";"5";"3";"4";"3";"4";"5";"4";"4";"5";"16";"1";"0";"0";"3";"1";"1";"0";"0";"0";"4";"Mozilla/5.0 (iPhone; CPU iPhone OS 18_4 like Mac OS X) AppleWebKit/605.1.15 (KHTML, like Gecko) Version/18.4 Mobile/15E148 Safari/604.1";"-99";"0";"0";"-66";"0";"7365788,7365785,7371199,7365786,7365792,7365792,7365792,7365780";"0";"1";"0";"-77";"-77";"7a67963c106001aa4990bb0f9e11ad89";"1";"0";"1750441626";"2025-06-20 17:47:06";"2025-06-20 17:49:12";"0000-00-00 00:00:00";"37";"64";"23";"0";"0";"126";"46";"7365788"
"10";"0";"0";"31";"7365780";"-77";"146";"1";"3";"5";"3";"3";"5";"5";"5";"4";"3";"5";"5";"5";"5";"5";"20";"1";"0";"0";"5";"1";"0";"0";"0";"20";"5";"Mozilla/5.0 (iPhone; CPU iPhone OS 17_6_1 like Mac OS X) AppleWebKit/605.1.15 (KHTML, like Gecko) Mobile/15E148 MicroMessenger/8.0.60(0x18003c2e) NetType/WIFI Language/de";"-99";"0";"0";"-66";"0";"7365790,7365785,7371199,7365786,7365792,7365780";"1";"1";"0";"-77";"-77";"f50740afb63685aeed0257a77d729550";"1";"0";"1750441721";"2025-06-20 17:48:41";"2025-06-20 17:51:07";"0000-00-00 00:00:00";"84";"124";"0";"0";"42";"146";"104";"7365790"
"11";"0";"0";"31";"7365780";"-77";"99";"3";"2";"4";"3";"4";"3";"3";"4";"2";"4";"2";"2";"3";"4";"3";"18";"0";"1";"0";"2";"0";"1";"0";"0";"2";"4";"Mozilla/5.0 (iPhone; CPU iPhone OS 18_0 like Mac OS X) AppleWebKit/605.1.15 (KHTML, like Gecko) Mobile/15E148 MicroMessenger/8.0.60(0x18003c2e) NetType/4G Language/zh_CN";"-99";"0";"0";"-66";"0";"7365789,7365785,7371199,7365786,7365792,7365792,7365792,7365780";"0";"0";"0";"-77";"-77";"3130a7cd39ecc5430c4411d4e8bab774";"1";"0";"1750441724";"2025-06-20 17:48:44";"2025-06-20 17:50:23";"0000-00-00 00:00:00";"39";"57";"0";"21";"0";"99";"47";"7365789"
"12";"0";"0";"31";"7365780";"-77";"265";"5";"5";"5";"4";"4";"5";"5";"5";"5";"5";"5";"5";"5";"4";"5";"50";"1";"0";"0";"4";"0";"0";"0";"1";"22";"5";"Mozilla/5.0 (Linux; Android 10; K) AppleWebKit/537.36 (KHTML, like Gecko) Chrome/129.0.0.0 Mobile Safari/537.36 (Ecosia android@129.0.0.0)";"-99";"0";"0";"-66";"0";"7365788,7365785,7371199,7365786,7365792,7365780";"1";"1";"0";"-77";"-77";"b9a4a1dfc45dd07f08893900a88c24f9";"1";"0";"1750441831";"2025-06-20 17:50:31";"2025-06-20 17:54:56";"0000-00-00 00:00:00";"94";"204";"24";"0";"0";"265";"153";"7365788"
"13";"0";"0";"31";"7365780";"-77";"159";"4";"4";"5";"3";"4";"5";"4";"4";"3";"5";"2";"5";"4";"4";"3";"20";"1";"0";"0";"4";"1";"0";"0";"0";"8";"3";"Mozilla/5.0 (iPhone; CPU iPhone OS 18_5 like Mac OS X) AppleWebKit/605.1.15 (KHTML, like Gecko) Version/18.5 Mobile/15E148 Safari/604.1";"-99";"0";"0";"-66";"0";"7365789,7365785,7371199,7365786,7365792,7365780";"0";"0";"0";"-77";"-77";"b4701e125c551bf8579835903eb55b4d";"1";"0";"1750441951";"2025-06-20 17:52:31";"2025-06-20 17:55:10";"0000-00-00 00:00:00";"46";"109";"0";"21";"0";"159";"66";"7365789"
"14";"0";"0";"31";"7365780";"-77";"164";"5";"5";"5";"3";"5";"4";"5";"5";"5";"5";"5";"5";"5";"5";"4";"21";"1";"0";"0";"4";"0";"1";"0";"0";"13";"5";"Mozilla/5.0 (Linux; Android 15; SM-A556B Build/AP3A.240905.015.A2; wv) AppleWebKit/537.36 (KHTML, like Gecko) Version/4.0 Chrome/137.0.7151.89 Mobile Safari/537.36 Instagram 384.0.0.46.83 Android (35/15; 480dpi; 1080x2340; samsung; SM-A556B; a55x; s5e8845; de_DE; 746325133; IABMV/1)";"https://l.instagram.com/";"0";"0";"-66";"0";"7365790,7365785,7371199,7365786,7365792,7365780";"1";"1";"0";"-77";"-77";"dbaaee47546b0edb3d7d93eff1bf031d";"1";"0";"1750441952";"2025-06-20 17:52:32";"2025-06-20 17:55:16";"0000-00-00 00:00:00";"43";"91";"0";"0";"25";"164";"65";"7365790"
"15";"0";"0";"31";"7365780";"-77";"186";"4";"3";"4";"2";"5";"5";"5";"5";"4";"4";"4";"4";"3";"4";"3";"29";"0";"1";"0";"3";"1";"0";"0";"0";"8";"3";"Mozilla/5.0 (Linux; Android 10; K) AppleWebKit/537.36 (KHTML, like Gecko) Chrome/137.0.0.0 Mobile Safari/537.36";"-99";"0";"0";"-66";"0";"7365788,7365785,7365785,7365785,7371199,7365786,7365792,7365792,7365792,7365780";"1";"1";"0";"-77";"-77";"e32dea1b176ae2c3ee0673a9d677dff4";"1";"0";"1750441998";"2025-06-20 17:53:18";"2025-06-20 17:56:24";"0000-00-00 00:00:00";"60";"119";"23";"0";"0";"186";"76";"7365788"
"16";"0";"0";"31";"7365780";"-77";"195";"2";"2";"4";"2";"3";"1";"3";"4";"2";"1";"2";"3";"4";"2";"2";"46";"1";"0";"0";"2";"0";"1";"0";"0";"17";"3";"Mozilla/5.0 (iPhone; CPU iPhone OS 18_5 like Mac OS X) AppleWebKit/605.1.15 (KHTML, like Gecko) Version/18.5 Mobile/15E148 Safari/604.1";"-99";"0";"0";"-66";"0";"7365790,7365785,7371199,7365786,7365792,7365780";"0";"0";"0";"-77";"-77";"055007a256272839537e57125664c958";"1";"0";"1750442278";"2025-06-20 17:57:58";"2025-06-20 18:01:13";"0000-00-00 00:00:00";"60";"129";"0";"0";"29";"195";"89";"7365790"
"17";"0";"0";"31";"7365780";"-77";"159";"1";"1";"1";"2";"2";"3";"3";"3";"1";"4";"3";"4";"4";"3";"1";"22";"0";"1";"0";"4";"1";"0";"0";"0";"15";"2";"Mozilla/5.0 (iPhone; CPU iPhone OS 18_5 like Mac OS X) AppleWebKit/605.1.15 (KHTML, like Gecko) Version/18.5 Mobile/15E148 Safari/604.1";"-99";"0";"0";"-66";"0";"7365790,7365785,7371199,7365786,7365792,7365792,7365792,7365780";"1";"0";"0";"-77";"-77";"5357ce8b6c05de4d1f16f0cc94b6b7d9";"1";"0";"1750442565";"2025-06-20 18:02:45";"2025-06-20 18:05:24";"0000-00-00 00:00:00";"45";"109";"0";"0";"21";"159";"70";"7365790"
"18";"0";"0";"31";"7365780";"-77";"605";"3";"3";"3";"2";"4";"4";"5";"5";"5";"5";"3";"5";"5";"4";"4";"28";"0";"1";"0";"3";"0";"1";"0";"0";"15";"3";"Mozilla/5.0 (iPhone; CPU iPhone OS 18_4_1 like Mac OS X) AppleWebKit/605.1.15 (KHTML, like Gecko) CriOS/137.0.7151.107 Mobile/15E148 Safari/604.1";"-99";"0";"0";"-66";"0";"7365788,7365785,7371199,7365786,7365792,7365780";"1";"0";"0";"-77";"-77";"6ed8aa604d8110bd0309f14f4f0aad23";"1";"0";"1750442641";"2025-06-20 18:04:01";"2025-06-20 18:14:06";"0000-00-00 00:00:00";"49";"549";"21";"0";"0";"605";"63";"7365788"
"19";"0";"0";"31";"7365780";"-77";"401";"3";"2";"2";"4";"5";"5";"5";"4";"2";"2";"3";"4";"4";"4";"2";"16";"1";"0";"0";"3";"0";"0";"1";"0";"9";"2";"Mozilla/5.0 (Linux; Android 10; K) AppleWebKit/537.36 (KHTML, like Gecko) Chrome/137.0.0.0 Mobile Safari/537.36";"-99";"0";"0";"-66";"0";"7365790,7365790,7365790,7365785,7371199,7365786,7365792,7365780";"1";"1";"0";"-77";"-77";"f541588e637afdba5e4a307ded196ca0";"1";"0";"1750442862";"2025-06-20 18:07:42";"2025-06-20 18:14:23";"0000-00-00 00:00:00";"301";"358";"0";"0";"278";"401";"318";"7365790"
"20";"0";"0";"31";"7365780";"-77";"215";"5";"4";"5";"5";"5";"4";"4";"4";"3";"3";"3";"3";"2";"1";"2";"25";"1";"0";"0";"2";"1";"0";"0";"0";"3";"2";"Mozilla/5.0 (iPhone; CPU iPhone OS 18_4_1 like Mac OS X) AppleWebKit/605.1.15 (KHTML, like Gecko) Version/18.4.1 Mobile/22E252 Safari/604.1";"-99";"0";"0";"-66";"0";"7365788,7365785,7371199,7365786,7365792,7365780";"0";"1";"0";"-77";"-77";"3d17cfb7ab77353c788f3b8b84a939e2";"1";"0";"1750443327";"2025-06-20 18:15:27";"2025-06-20 18:19:02";"0000-00-00 00:00:00";"74";"193";"23";"0";"0";"215";"98";"7365788"
"21";"0";"0";"31";"7365780";"-77";"179";"4";"4";"4";"3";"5";"5";"5";"5";"4";"5";"5";"3";"5";"5";"4";"22";"0";"1";"0";"5";"1";"0";"0";"0";"16";"5";"Mozilla/5.0 (Linux; Android 10; K) AppleWebKit/537.36 (KHTML, like Gecko) Chrome/137.0.0.0 Mobile Safari/537.36";"-99";"0";"0";"-66";"0";"7365789,7365785,7371199,7365786,7365792,7365792,7365792,7365780";"0";"1";"0";"-77";"-77";"8b29e71316bd33c1ba524fdf5f37108d";"1";"0";"1750443536";"2025-06-20 18:18:56";"2025-06-20 18:21:55";"0000-00-00 00:00:00";"62";"120";"0";"33";"0";"179";"80";"7365789"
"22";"0";"0";"31";"7365780";"-77";"168";"1";"2";"1";"1";"1";"4";"4";"3";"3";"5";"5";"2";"2";"5";"1";"34";"0";"1";"0";"5";"1";"1";"0";"0";"20";"1";"Mozilla/5.0 (iPhone; CPU iPhone OS 18_5 like Mac OS X) AppleWebKit/605.1.15 (KHTML, like Gecko) Mobile/22F76 Instagram 385.0.0.28.70 (iPhone17,1; iOS 18_5; de_DE; de; scale=3.00; 1206x2622; 748614773; IABMV/1) NW/3";"https://l.instagram.com/";"0";"0";"-66";"0";"7365790,7365785,7371199,7365786,7365792,7365780";"1";"0";"0";"-77";"-77";"1040e30dcab8c022567dae2e8a8f5894";"1";"0";"1750443693";"2025-06-20 18:21:33";"2025-06-20 18:24:21";"0000-00-00 00:00:00";"46";"120";"0";"0";"22";"168";"69";"7365790"
"23";"0";"0";"31";"7365780";"-77";"186";"3";"2";"4";"5";"5";"5";"3";"3";"1";"4";"4";"2";"5";"3";"2";"22";"0";"1";"0";"2";"1";"0";"0";"0";"3";"2";"Mozilla/5.0 (iPhone; CPU iPhone OS 18_3_2 like Mac OS X) AppleWebKit/605.1.15 (KHTML, like Gecko) Version/18.3.1 Mobile/15E148 Safari/604.1";"-99";"0";"0";"-66";"0";"7365790,7365785,7371199,7365786,7365792,7365780";"0";"0";"0";"-77";"-77";"a06372cdb67e140d80bee3aadc9fb7da";"1";"0";"1750445464";"2025-06-20 18:51:04";"2025-06-20 18:54:10";"0000-00-00 00:00:00";"55";"152";"0";"0";"21";"186";"79";"7365790"
"24";"0";"0";"31";"7365780";"-77";"174";"5";"4";"5";"2";"5";"5";"5";"5";"5";"5";"5";"5";"5";"5";"4";"22";"0";"1";"0";"4";"1";"0";"0";"0";"3";"4";"Mozilla/5.0 (iPhone; CPU iPhone OS 18_5 like Mac OS X) AppleWebKit/605.1.15 (KHTML, like Gecko) Version/18.5 Mobile/15E148 Safari/604.1";"-99";"0";"0";"-66";"0";"7365790,7365785,7371199,7365785,7365785,7365785,7365785,7371199,7365786,7365792,7365780";"0";"0";"0";"-77";"-77";"5d8a73fa5a5fb6bc6d32df835473e35c";"1";"0";"1750445516";"2025-06-20 18:51:56";"2025-06-20 18:54:50";"0000-00-00 00:00:00";"97";"148";"0";"0";"35";"174";"119";"7365790"
"26";"0";"0";"31";"7365780";"-77";"170";"5";"5";"5";"2";"5";"3";"4";"5";"3";"3";"4";"3";"3";"4";"5";"23";"1";"0";"0";"4";"1";"0";"0";"0";"3";"4";"Mozilla/5.0 (iPhone; CPU iPhone OS 18_5 like Mac OS X) AppleWebKit/605.1.15 (KHTML, like Gecko) Version/18.5 Mobile/15E148 Safari/604.1";"-99";"0";"0";"-66";"0";"7365789,7365785,7371199,7365786,7365792,7365780";"1";"0";"0";"-77";"-77";"d44e3ddb9a3653707a5fdc3043e101f4";"1";"0";"1750445595";"2025-06-20 18:53:15";"2025-06-20 18:56:05";"0000-00-00 00:00:00";"47";"123";"0";"21";"0";"170";"68";"7365789"
"27";"0";"0";"31";"7365780";"-77";"222";"3";"3";"2";"2";"5";"5";"4";"4";"2";"2";"4";"3";"2";"2";"1";"22";"1";"0";"0";"3";"1";"0";"0";"0";"4";"2";"Mozilla/5.0 (Linux; Android 10; K) AppleWebKit/537.36 (KHTML, like Gecko) Chrome/137.0.0.0 Mobile Safari/537.36";"-99";"0";"0";"-66";"0";"7365788,7365785,7371199,7365786,7365792,7365780";"0";"1";"0";"-77";"-77";"ae734fa1d923d862663746271541b752";"1";"0";"1750445837";"2025-06-20 18:57:17";"2025-06-20 19:00:59";"0000-00-00 00:00:00";"68";"169";"22";"0";"0";"222";"103";"7365788"
"28";"0";"0";"31";"7365780";"-77";"409";"3";"2";"3";"5";"5";"5";"5";"5";"4";"5";"5";"5";"5";"4";"5";"20";"1";"0";"0";"3";"0";"1";"0";"0";"2";"3";"Mozilla/5.0 (iPhone; CPU iPhone OS 18_5 like Mac OS X) AppleWebKit/605.1.15 (KHTML, like Gecko) Mobile/22F76 Instagram 385.0.0.28.70 (iPhone16,2; iOS 18_5; en_US; en; scale=3.00; 1290x2796; 748614773; IABMV/1) NW/3";"https://l.instagram.com/";"0";"0";"-66";"0";"7365790,7365785,7371199,7365786,7365792,7365780";"0";"0";"0";"-77";"-77";"cc1c6de5fd0a3a18c418a49daabb6f81";"1";"0";"1750446066";"2025-06-20 19:01:06";"2025-06-20 19:07:55";"0000-00-00 00:00:00";"187";"299";"0";"0";"22";"409";"228";"7365790"
"29";"0";"0";"31";"7365780";"-77";"393";"4";"3";"4";"3";"5";"4";"4";"5";"2";"3";"3";"4";"4";"3";"4";"25";"1";"0";"0";"3";"1";"0";"0";"0";"18";"4";"Mozilla/5.0 (iPhone; CPU iPhone OS 18_5 like Mac OS X) AppleWebKit/605.1.15 (KHTML, like Gecko) Mobile/22F76 Instagram 384.0.0.27.89 (iPhone15,2; iOS 18_5; de_DE; de; scale=3.00; 1179x2556; 745153793; IABMV/1) NW/3";"https://l.instagram.com/";"0";"0";"-66";"0";"7365789,7365785,7371199,7365786,7365792,7365792,7365792,7365780";"0";"1";"0";"-77";"-77";"f1accc7c909c0cbb67ea3118775f9487";"1";"0";"1750446225";"2025-06-20 19:03:45";"2025-06-20 19:10:18";"0000-00-00 00:00:00";"76";"209";"0";"22";"0";"393";"128";"7365789"
"30";"0";"0";"31";"7365780";"-77";"155";"4";"3";"4";"5";"5";"4";"5";"5";"4";"4";"3";"3";"4";"3";"3";"21";"1";"0";"0";"3";"0";"1";"0";"0";"2";"3";"Mozilla/5.0 (iPhone; CPU iPhone OS 18_5 like Mac OS X) AppleWebKit/605.1.15 (KHTML, like Gecko) Version/18.5 Mobile/15E148 Safari/604.1";"-99";"0";"0";"-66";"0";"7365790,7365785,7371199,7365786,7365792,7365780";"1";"1";"0";"-77";"-77";"03f1c54fa7033ec2165d31f272f8f08b";"1";"0";"1750446251";"2025-06-20 19:04:11";"2025-06-20 19:06:46";"0000-00-00 00:00:00";"52";"115";"0";"0";"22";"155";"77";"7365790"
"31";"0";"0";"31";"7365780";"-77";"393";"3";"4";"4";"3";"5";"4";"5";"5";"3";"5";"4";"4";"5";"5";"3";"21";"1";"0";"0";"4";"1";"0";"0";"0";"15";"4";"Mozilla/5.0 (iPhone; CPU iPhone OS 18_3_2 like Mac OS X) AppleWebKit/605.1.15 (KHTML, like Gecko) Version/18.3.2 Mobile/15E148 Safari/605.1.15 (Ecosia ios@11.1.1.2343)";"-99";"0";"0";"-66";"0";"7365789,7365785,7371199,7365786,7365792,7365780";"1";"0";"0";"-77";"-77";"89aa2ad96192ec9b5e4358d280b45cf8";"1";"0";"1750446549";"2025-06-20 19:09:09";"2025-06-20 19:15:42";"0000-00-00 00:00:00";"126";"184";"0";"34";"0";"393";"147";"7365789"
"32";"0";"0";"31";"7365780";"-77";"259";"5";"3";"4";"1";"5";"5";"5";"5";"3";"4";"5";"5";"5";"3";"5";"20";"0";"1";"0";"5";"1";"0";"0";"0";"3";"4";"Mozilla/5.0 (Linux; Android 10; K) AppleWebKit/537.36 (KHTML, like Gecko) Chrome/137.0.0.0 Mobile Safari/537.36";"-99";"0";"0";"-66";"0";"7365790,7365785,7371199,7365786,7365792,7365780";"0";"1";"0";"-77";"-77";"93347832bf0179bf067f97caac8a9a34";"1";"0";"1750447031";"2025-06-20 19:17:11";"2025-06-20 19:21:30";"0000-00-00 00:00:00";"40";"217";"0";"0";"22";"259";"53";"7365790"
"33";"0";"0";"31";"7365780";"-77";"209";"5";"3";"4";"2";"5";"5";"5";"5";"5";"5";"4";"2";"5";"5";"4";"21";"1";"0";"0";"3";"1";"0";"0";"0";"1";"3";"Mozilla/5.0 (iPhone; CPU iPhone OS 17_5_1 like Mac OS X) AppleWebKit/605.1.15 (KHTML, like Gecko) Mobile/21F90 Instagram 384.0.0.27.89 (iPhone12,1; iOS 17_5_1; de_DE; de; scale=2.00; 828x1792; 745153793; IABMV/1)";"https://l.instagram.com/";"0";"0";"-66";"0";"7365788,7365785,7371199,7365786,7365792,7365780";"1";"1";"0";"-77";"-77";"843adf4798c3f9be2ff729a42de62d8b";"1";"0";"1750447115";"2025-06-20 19:18:35";"2025-06-20 19:22:04";"0000-00-00 00:00:00";"74";"169";"24";"0";"0";"209";"100";"7365788"
"34";"0";"0";"31";"7365780";"-77";"207";"5";"5";"5";"5";"5";"5";"5";"5";"5";"5";"4";"5";"5";"4";"5";"55";"1";"0";"0";"4";"0";"0";"1";"0";"15";"5";"Mozilla/5.0 (Linux; Android 10; K) AppleWebKit/537.36 (KHTML, like Gecko) Chrome/137.0.0.0 Mobile Safari/537.36";"-99";"0";"0";"-66";"0";"7365790,7365785,7371199,7365786,7365792,7365780";"0";"1";"0";"-77";"-77";"d2459ab2b8af01b44e14bafd55c3d109";"1";"0";"1750447366";"2025-06-20 19:22:46";"2025-06-20 19:26:13";"0000-00-00 00:00:00";"62";"135";"0";"0";"30";"207";"83";"7365790"
"36";"0";"0";"31";"7365780";"-77";"170";"4";"4";"5";"3";"5";"2";"2";"5";"1";"4";"4";"4";"4";"3";"4";"20";"0";"1";"0";"4";"1";"0";"0";"0";"3";"4";"Mozilla/5.0 (iPhone; CPU iPhone OS 18_5 like Mac OS X) AppleWebKit/605.1.15 (KHTML, like Gecko) Version/18.5 Mobile/22F76 Safari/604.1";"-99";"0";"0";"-66";"0";"7365789,7365785,7371199,7365786,7365792,7365792,7365792,7365780";"0";"1";"0";"-77";"-77";"9ca4dac7d46caf3f0cbcbf748b44cef1";"1";"0";"1750448971";"2025-06-20 19:49:31";"2025-06-20 19:52:21";"0000-00-00 00:00:00";"50";"124";"0";"23";"0";"170";"79";"7365789"
"37";"0";"0";"31";"7365780";"-77";"239";"4";"3";"4";"3";"4";"5";"4";"4";"2";"4";"5";"4";"5";"4";"3";"55";"0";"1";"0";"4";"0";"0";"0";"1";"17";"3";"Mozilla/5.0 (iPhone; CPU iPhone OS 18_5 like Mac OS X) AppleWebKit/605.1.15 (KHTML, like Gecko) Version/18.5 Mobile/15E148 Safari/604.1";"-99";"0";"0";"-66";"0";"7365789,7365785,7371199,7365786,7365792,7365780";"1";"0";"0";"-77";"-77";"e5a262d617e57920d6d4fb2e00cafcee";"1";"0";"1750449487";"2025-06-20 19:58:07";"2025-06-20 20:02:06";"0000-00-00 00:00:00";"47";"135";"0";"22";"0";"239";"70";"7365789"
"38";"0";"0";"31";"7365780";"-77";"178";"3";"3";"3";"3";"4";"3";"3";"3";"3";"4";"4";"3";"4";"4";"3";"56";"1";"0";"0";"3";"0";"1";"0";"0";"12";"3";"Mozilla/5.0 (iPhone; CPU iPhone OS 18_5 like Mac OS X) AppleWebKit/605.1.15 (KHTML, like Gecko) Version/18.5 Mobile/15E148 Safari/604.1";"-99";"0";"0";"-66";"0";"7365790,7365785,7371199,7365786,7365792,7365780";"1";"0";"0";"-77";"-77";"1c2927b4dcb3e705590f457c97b1e7b7";"1";"0";"1750450514";"2025-06-20 20:15:14";"2025-06-20 20:18:12";"0000-00-00 00:00:00";"43";"108";"0";"0";"23";"178";"64";"7365790"
"39";"0";"0";"31";"7365780";"-77";"280";"5";"2";"1";"5";"2";"3";"4";"2";"3";"5";"1";"4";"3";"2";"1";"32";"1";"0";"0";"3";"1";"0";"0";"0";"25";"3";"Mozilla/5.0 (iPhone; CPU iPhone OS 18_5_0 like Mac OS X) AppleWebKit/605.1.15 (KHTML, like Gecko) CriOS/137.0.7151.107 Mobile/15E148 Safari/604.1";"-99";"0";"0";"-66";"0";"7365789,7365785,7371199,7365786,7365792,7365780";"1";"0";"0";"-77";"-77";"51013857c10b7d600b9f0e5ee7ed07b7";"1";"0";"1750452205";"2025-06-20 20:43:25";"2025-06-20 20:48:05";"0000-00-00 00:00:00";"93";"217";"0";"34";"0";"280";"152";"7365789"
"40";"0";"0";"31";"7365780";"-77";"176";"2";"2";"2";"3";"4";"4";"3";"4";"1";"4";"1";"2";"5";"2";"1";"25";"0";"1";"0";"4";"1";"0";"0";"0";"7";"2";"Mozilla/5.0 (iPhone; CPU iPhone OS 18_5 like Mac OS X) AppleWebKit/605.1.15 (KHTML, like Gecko) Version/18.5 Mobile/22F76 Safari/604.1";"-99";"0";"0";"-66";"0";"7365788,7365785,7371199,7365786,7365792,7365792,7365792,7365780";"1";"0";"0";"-77";"-77";"f4e4a618645fecb01d7eaf60a0e01a78";"1";"0";"1750454184";"2025-06-20 21:16:24";"2025-06-20 21:19:20";"0000-00-00 00:00:00";"52";"118";"22";"0";"0";"176";"74";"7365788"
"41";"0";"0";"31";"7365780";"-77";"163";"4";"2";"4";"3";"4";"3";"4";"3";"3";"2";"3";"3";"3";"2";"2";"35";"0";"1";"0";"4";"1";"0";"0";"0";"6";"3";"Mozilla/5.0 (Macintosh; Intel Mac OS X 10_15_7) AppleWebKit/605.1.15 (KHTML, like Gecko) Mobile/15E148 [LinkedInApp]/9.31.2441.3";"https://www.linkedin.com/";"0";"0";"-66";"0";"7365790,7365785,7371199,7365786,7365792,7365780";"0";"0";"0";"-77";"-77";"b958b4bc1c06e20496f2dd960338f880";"1";"0";"1750455396";"2025-06-20 21:36:36";"2025-06-20 21:39:19";"0000-00-00 00:00:00";"56";"136";"0";"0";"28";"163";"85";"7365790"
"42";"0";"0";"31";"7365780";"-77";"334";"3";"4";"4";"4";"5";"5";"5";"5";"5";"4";"5";"4";"5";"4";"5";"61";"1";"0";"0";"5";"0";"0";"1";"0";"25";"5";"Mozilla/5.0 (iPhone; CPU iPhone OS 18_5 like Mac OS X) AppleWebKit/605.1.15 (KHTML, like Gecko) Version/18.5 Mobile/15E148 Safari/604.1";"-99";"0";"0";"-66";"0";"7365788,7365785,7371199,7365786,7365792,7365780";"0";"0";"0";"-77";"-77";"8bc6dd68ae533e58e68e1fad14d0c17f";"1";"0";"1750455546";"2025-06-20 21:39:06";"2025-06-20 21:44:40";"0000-00-00 00:00:00";"101";"213";"33";"0";"0";"334";"132";"7365788"
"43";"0";"0";"31";"7365780";"-77";"260";"5";"5";"5";"3";"5";"5";"5";"5";"5";"5";"5";"5";"5";"5";"5";"67";"1";"0";"0";"4";"0";"0";"1";"0";"17";"5";"Mozilla/5.0 (iPhone; CPU iPhone OS 18_5 like Mac OS X) AppleWebKit/605.1.15 (KHTML, like Gecko) Version/18.5 Mobile/15E148 Safari/604.1";"-99";"0";"0";"-66";"0";"7365789,7365785,7371199,7365786,7365792,7365780";"1";"0";"0";"-77";"-77";"e913f0bacff9079d8a91f7317512bfaa";"1";"0";"1750457122";"2025-06-20 22:05:22";"2025-06-20 22:09:42";"0000-00-00 00:00:00";"77";"149";"0";"31";"0";"260";"99";"7365789"
"44";"0";"0";"31";"7365780";"-77";"391";"3";"2";"1";"3";"1";"2";"5";"1";"1";"1";"1";"1";"1";"3";"2";"29";"0";"1";"0";"3";"1";"0";"0";"0";"9";"2";"Mozilla/5.0 (Linux; Android 14; 23127PN0CC Build/UKQ1.230804.001; wv) AppleWebKit/537.36 (KHTML, like Gecko) Version/4.0 Chrome/134.0.6998.136 Mobile Safari/537.36 XWEB/1340129 MMWEBSDK/20250201 MMWEBID/9256 MicroMessenger/8.0.60.2860(0x28003C3A) WeChat/arm64 Weixin NetType/4G Language/en ABI/arm64";"-99";"0";"0";"-66";"0";"7365790,7365785,7371199,7365786,7365792,7365792,7365792,7365780";"0";"1";"0";"-77";"-77";"379042492750ef44fa41ecb32f453f42";"1";"0";"1750457398";"2025-06-20 22:09:58";"2025-06-20 22:16:29";"0000-00-00 00:00:00";"96";"287";"0";"0";"32";"391";"189";"7365790"
"45";"0";"0";"31";"7365780";"-77";"255";"3";"3";"3";"5";"5";"4";"5";"4";"5";"5";"5";"5";"5";"5";"4";"60";"0";"1";"0";"4";"0";"0";"1";"0";"13";"4";"Mozilla/5.0 (Linux; Android 10; K) AppleWebKit/537.36 (KHTML, like Gecko) Chrome/137.0.0.0 Mobile Safari/537.36";"-99";"0";"0";"-66";"0";"7365788,7365785,7371199,7365786,7365792,7365780";"1";"0";"0";"-77";"-77";"fc13efddd8636b4e7c00468ca195abf1";"1";"0";"1750460336";"2025-06-20 22:58:56";"2025-06-20 23:03:11";"0000-00-00 00:00:00";"61";"139";"23";"0";"0";"255";"91";"7365788"
"46";"0";"0";"31";"7365780";"-77";"2243";"4";"3";"3";"2";"5";"4";"5";"5";"2";"5";"5";"5";"5";"5";"2";"22";"0";"1";"0";"3";"0";"0";"0";"1";"3";"4";"Mozilla/5.0 (iPhone; CPU iPhone OS 18_5 like Mac OS X) AppleWebKit/605.1.15 (KHTML, like Gecko) Mobile/22F76 Instagram 385.0.0.28.70 (iPhone14,3; iOS 18_5; es_ES; es-ES; scale=3.00; 1284x2778; 748614773; IABMV/1)";"https://l.instagram.com/";"0";"0";"-66";"0";"7365789,7365785,7371199,7365786,7365792,7365780";"1";"1";"0";"-77";"-77";"65355e10a45cabfc6571ce2d052cd7af";"1";"0";"1750463186";"2025-06-20 23:46:26";"2025-06-21 00:23:49";"0000-00-00 00:00:00";"814";"1965";"0";"22";"0";"2243";"1240";"7365789"
"47";"0";"0";"31";"7365780";"-77";"150";"5";"4";"5";"3";"5";"5";"5";"5";"5";"5";"5";"5";"5";"5";"5";"21";"1";"0";"0";"4";"1";"0";"0";"0";"16";"5";"Mozilla/5.0 (iPhone; CPU iPhone OS 17_2_1 like Mac OS X) AppleWebKit/605.1.15 (KHTML, like Gecko) Mobile/21C66 Instagram 385.0.0.28.70 (iPhone11,8; iOS 17_2_1; en_GB; en-GB; scale=2.00; 828x1792; 748614773; IABMV/1)";"https://www.instagram.com/";"0";"0";"-66";"0";"7365790,7365785,7371199,7365786,7365792,7365792,7365780";"0";"1";"0";"-77";"-77";"63bfc7cb9c264551c57fe22fa75b80ed";"1";"0";"1750467403";"2025-06-21 00:56:43";"2025-06-21 00:59:13";"0000-00-00 00:00:00";"66";"111";"0";"0";"21";"150";"81";"7365790"
"48";"0";"0";"31";"7365780";"-77";"288";"4";"4";"4";"4";"3";"3";"3";"4";"4";"3";"5";"4";"5";"4";"3";"53";"1";"0";"0";"3";"0";"0";"0";"1";"3";"4";"Mozilla/5.0 (iPhone; CPU iPhone OS 18_5 like Mac OS X) AppleWebKit/605.1.15 (KHTML, like Gecko) Version/18.5 Mobile/15E148 Safari/604.1";"-99";"0";"0";"-66";"0";"7365789,7365785,7371199,7365786,7365792,7365780";"1";"1";"0";"-77";"-77";"c985a745284a5c646291bfa3d6cdeaf0";"1";"0";"1750478879";"2025-06-21 04:07:59";"2025-06-21 04:12:47";"0000-00-00 00:00:00";"110";"223";"0";"50";"0";"288";"162";"7365789"
"49";"0";"0";"31";"7365780";"-77";"261";"3";"3";"4";"3";"4";"4";"5";"5";"4";"4";"5";"4";"5";"4";"3";"68";"1";"0";"0";"4";"0";"0";"0";"1";"15";"3";"Mozilla/5.0 (Linux; Android 10; K) AppleWebKit/537.36 (KHTML, like Gecko) SamsungBrowser/28.0 Chrome/130.0.0.0 Mobile Safari/537.36";"-99";"0";"0";"-66";"0";"7365790,7365785,7371199,7365786,7365792,7365780";"0";"0";"0";"-77";"-77";"e5fd32cced14bdc205fed265a64a8423";"1";"0";"1750481218";"2025-06-21 04:46:58";"2025-06-21 04:51:19";"0000-00-00 00:00:00";"74";"172";"0";"0";"22";"261";"107";"7365790"
"50";"0";"0";"31";"7365780";"-77";"313";"3";"3";"4";"2";"3";"3";"4";"4";"2";"3";"4";"4";"4";"4";"4";"56";"0";"1";"0";"4";"0";"0";"1";"0";"19";"3";"Mozilla/5.0 (Linux; Android 10; K) AppleWebKit/537.36 (KHTML, like Gecko) SamsungBrowser/28.0 Chrome/130.0.0.0 Mobile Safari/537.36";"-99";"0";"0";"-66";"0";"7365790,7365785,7371199,7365786,7365792,7365780";"0";"0";"0";"-77";"-77";"b3cbf803f9bc0324a8d3ce3a615e0198";"1";"0";"1750483479";"2025-06-21 05:24:39";"2025-06-21 05:29:52";"0000-00-00 00:00:00";"110";"224";"0";"0";"37";"313";"162";"7365790"
"51";"0";"0";"31";"7365780";"-77";"170";"3";"4";"4";"3";"5";"4";"5";"5";"5";"4";"2";"3";"4";"4";"3";"21";"0";"1";"0";"3";"0";"1";"0";"0";"14";"4";"Mozilla/5.0 (iPhone; CPU iPhone OS 18_5_0 like Mac OS X) AppleWebKit/605.1.15 (KHTML, like Gecko) CriOS/137.0.7151.107 Mobile/15E148 Safari/604.1";"-99";"0";"0";"-66";"0";"7365788,7365785,7371199,7365786,7365792,7365780";"0";"0";"0";"-77";"-77";"6df0f8d802bbc36ac8a38d4a83377615";"1";"0";"1750488079";"2025-06-21 06:41:19";"2025-06-21 06:44:09";"0000-00-00 00:00:00";"67";"133";"21";"0";"0";"170";"86";"7365788"
"52";"0";"0";"31";"7365780";"-77";"249";"4";"4";"5";"3";"4";"5";"4";"5";"5";"4";"5";"5";"5";"3";"4";"64";"0";"1";"0";"5";"0";"0";"1";"0";"20";"5";"Mozilla/5.0 (Android 14; Mobile; rv:139.0) Gecko/139.0 Firefox/139.0";"-99";"0";"0";"-66";"0";"7365789,7365785,7371199,7365786,7365792,7365780";"0";"0";"0";"-77";"-77";"8b1840e49957462cf682c586d745935c";"1";"0";"1750488233";"2025-06-21 06:43:53";"2025-06-21 06:48:02";"0000-00-00 00:00:00";"92";"176";"0";"25";"0";"249";"130";"7365789"
"53";"0";"0";"31";"7365780";"-77";"163";"4";"5";"4";"5";"5";"5";"5";"5";"5";"5";"4";"4";"5";"3";"5";"21";"1";"0";"0";"4";"0";"1";"0";"0";"15";"5";"Mozilla/5.0 (Linux; Android 13; SM-G781B Build/TP1A.220624.014; wv) AppleWebKit/537.36 (KHTML, like Gecko) Version/4.0 Chrome/137.0.7151.115 Mobile Safari/537.36 Instagram 384.0.0.46.83 Android (33/13; 480dpi; 1080x2168; samsung; SM-G781B; r8q; qcom; de_DE; 746325133; IABMV/1)";"https://www.instagram.com/";"0";"0";"-66";"0";"7365790,7365785,7371199,7365786,7365792,7365780";"1";"0";"0";"-77";"-77";"3c579fca5f55920929d634b1650cc0e5";"1";"0";"1750489282";"2025-06-21 07:01:22";"2025-06-21 07:04:05";"0000-00-00 00:00:00";"53";"116";"0";"0";"23";"163";"80";"7365790"
"54";"0";"0";"31";"7365780";"-77";"270";"1";"3";"1";"1";"3";"5";"5";"3";"5";"5";"5";"3";"5";"5";"3";"30";"0";"1";"0";"3";"0";"0";"1";"0";"18";"2";"Mozilla/5.0 (iPhone; CPU iPhone OS 15_8_3 like Mac OS X) AppleWebKit/605.1.15 (KHTML, like Gecko) Version/15.6.6 Mobile/15E148 Safari/604.1";"https://l.instagram.com/";"0";"0";"-66";"0";"7365788,7365785,7371199,7365786,7365792,7365780";"0";"1";"0";"-77";"-77";"77422f57052a2b4352becaf31db7a311";"1";"0";"1750490225";"2025-06-21 07:17:05";"2025-06-21 07:21:35";"0000-00-00 00:00:00";"55";"189";"23";"0";"0";"270";"125";"7365788"
"55";"0";"0";"31";"7365780";"-77";"287";"5";"4";"5";"5";"5";"5";"5";"5";"5";"5";"4";"4";"5";"5";"5";"32";"1";"0";"0";"5";"0";"0";"1";"0";"16";"4";"Mozilla/5.0 (Linux; Android 10; K) AppleWebKit/537.36 (KHTML, like Gecko) SamsungBrowser/28.0 Chrome/130.0.0.0 Mobile Safari/537.36";"-99";"0";"0";"-66";"0";"7365788,7365785,7371199,7365786,7365792,7365780";"0";"1";"0";"-77";"-77";"9b7c4bcc2d65dcdbf6f95c53336c3eb3";"1";"0";"1750493562";"2025-06-21 08:12:42";"2025-06-21 08:17:29";"0000-00-00 00:00:00";"55";"201";"22";"0";"0";"287";"75";"7365788"
"56";"0";"0";"31";"7365780";"-77";"242";"4";"4";"4";"3";"5";"5";"5";"5";"5";"5";"5";"5";"5";"5";"5";"20";"0";"1";"0";"3";"0";"1";"0";"0";"3";"4";"Mozilla/5.0 (iPhone; CPU iPhone OS 18_5_0 like Mac OS X) AppleWebKit/605.1.15 (KHTML, like Gecko) CriOS/137.0.7151.107 Mobile/15E148 Safari/604.1";"-99";"0";"0";"-66";"0";"7365789,7365785,7371199,7365786,7365792,7365780";"0";"0";"0";"-77";"-77";"06ebba17712fd56a5529f9754c855b0d";"1";"0";"1750493980";"2025-06-21 08:19:40";"2025-06-21 08:23:42";"0000-00-00 00:00:00";"135";"198";"0";"58";"0";"242";"159";"7365789"
"57";"0";"0";"31";"7365780";"-77";"136";"3";"3";"2";"2";"3";"2";"3";"3";"2";"2";"3";"3";"3";"2";"2";"23";"0";"1";"0";"2";"0";"1";"0";"0";"4";"3";"Mozilla/5.0 (Macintosh; Intel Mac OS X 10_15_7) AppleWebKit/537.36 (KHTML, like Gecko) Chrome/137.0.0.0 Safari/537.36";"-99";"0";"0";"-66";"0";"7365790,7365785,7371199,7365786,7365792,7365780";"1";"0";"0";"-77";"-77";"33d12669b51d58fa76ad0521d4de571c";"1";"0";"1750494083";"2025-06-21 08:21:23";"2025-06-21 08:23:39";"0000-00-00 00:00:00";"53";"103";"0";"0";"24";"136";"73";"7365790"
"58";"0";"0";"31";"7365780";"-77";"271";"3";"4";"4";"2";"5";"2";"4";"5";"5";"5";"3";"5";"5";"4";"3";"18";"1";"0";"0";"3";"0";"1";"0";"0";"14";"3";"Mozilla/5.0 (iPhone; CPU iPhone OS 18_5 like Mac OS X) AppleWebKit/605.1.15 (KHTML, like Gecko) Version/18.5 Mobile/15E148 Safari/604.1";"-99";"0";"0";"-66";"0";"7365788,7365785,7371199,7365786,7365792,7365780";"1";"1";"0";"-77";"-77";"563e5638c7928cb0a3e78ac507955cf6";"1";"0";"1750495316";"2025-06-21 08:41:56";"2025-06-21 08:46:27";"0000-00-00 00:00:00";"130";"210";"37";"0";"0";"271";"161";"7365788"
"59";"0";"0";"31";"7365780";"-77";"283";"3";"5";"3";"1";"5";"5";"5";"5";"5";"5";"5";"4";"5";"5";"5";"20";"0";"1";"0";"4";"0";"1";"0";"1";"1";"5";"Mozilla/5.0 (Linux; Android 14; SM-S921B Build/UP1A.231005.007; wv) AppleWebKit/537.36 (KHTML, like Gecko) Version/4.0 Chrome/137.0.7151.89 Mobile Safari/537.36 Instagram 384.0.0.46.83 Android (34/14; 480dpi; 1080x2109; samsung; SM-S921B; e1s; s5e9945; de_DE; 746325150; IABMV/1)";"https://www.instagram.com/";"0";"0";"-66";"0";"7365788,7365785,7371199,7365786,7365792,7365780";"0";"1";"0";"-77";"-77";"0ed14de75a1ca4f508d054e3cdf2f650";"1";"0";"1750497137";"2025-06-21 09:12:17";"2025-06-21 09:17:00";"0000-00-00 00:00:00";"113";"227";"32";"0";"0";"283";"145";"7365788"
"61";"0";"0";"31";"7365780";"-77";"175";"4";"3";"5";"3";"4";"5";"4";"5";"4";"5";"3";"4";"4";"3";"3";"50";"1";"0";"0";"4";"1";"0";"0";"0";"11";"4";"Mozilla/5.0 (Linux; Android 10; K) AppleWebKit/537.36 (KHTML, like Gecko) Chrome/137.0.0.0 Mobile Safari/537.36";"-99";"0";"0";"-66";"0";"7365789,7365785,7371199,7365786,7365792,7365780";"1";"1";"0";"-77";"-77";"e596a3564acc1f32d429f9bbbc6ce296";"1";"0";"1750497284";"2025-06-21 09:14:44";"2025-06-21 09:17:39";"0000-00-00 00:00:00";"72";"139";"0";"35";"0";"175";"92";"7365789"
"63";"0";"0";"31";"7365780";"-77";"287";"3";"2";"1";"5";"3";"5";"3";"4";"1";"4";"3";"5";"5";"3";"2";"23";"1";"0";"0";"3";"1";"0";"0";"0";"5";"4";"Mozilla/5.0 (Windows NT 10.0; Win64; x64) AppleWebKit/537.36 (KHTML, like Gecko) Chrome/137.0.0.0 Safari/537.36 Edg/137.0.0.0";"https://www.instagram.com/";"0";"0";"-66";"0";"7365788,7365785,7371199,7365786,7365792,7365792,7365792,7365780";"1";"0";"0";"-77";"-77";"b6b39c700e2d6c4387f38d2750ff4a29";"1";"0";"1750502258";"2025-06-21 10:37:38";"2025-06-21 10:42:25";"0000-00-00 00:00:00";"91";"230";"24";"0";"0";"287";"145";"7365788"
"64";"0";"0";"31";"7365780";"-77";"440";"4";"4";"4";"3";"5";"4";"5";"4";"5";"4";"4";"4";"5";"4";"4";"27";"1";"0";"0";"4";"1";"0";"0";"0";"20";"4";"Mozilla/5.0 (Linux; Android 10; K) AppleWebKit/537.36 (KHTML, like Gecko) SamsungBrowser/28.0 Chrome/130.0.0.0 Mobile Safari/537.36";"-99";"0";"0";"-66";"0";"7365790,7365785,7371199,7365786,7365792,7365792,7365792,7365780";"0";"0";"0";"-77";"-77";"2693e8489ccf6a0e64c3e762158edad0";"1";"0";"1750502774";"2025-06-21 10:46:14";"2025-06-21 10:53:34";"0000-00-00 00:00:00";"100";"324";"0";"0";"22";"440";"126";"7365790"
"67";"0";"0";"31";"7365780";"-77";"198";"5";"5";"5";"4";"5";"4";"4";"5";"5";"5";"5";"5";"5";"5";"4";"41";"1";"0";"0";"4";"0";"0";"0";"1";"18";"4";"Mozilla/5.0 (Linux; Android 10; K) AppleWebKit/537.36 (KHTML, like Gecko) SamsungBrowser/27.0 Chrome/125.0.0.0 Mobile Safari/537.36";"-99";"0";"0";"-66";"0";"7365789,7365785,7371199,7365786,7365792,7365780";"1";"0";"0";"-77";"-77";"3c3c7c5ddcd76c1c73b0f0e768f1bc03";"1";"0";"1750508690";"2025-06-21 12:24:50";"2025-06-21 12:28:08";"0000-00-00 00:00:00";"60";"128";"0";"22";"0";"198";"86";"7365789"
"68";"0";"0";"31";"7365780";"-77";"178";"4";"4";"3";"3";"5";"4";"5";"4";"5";"4";"3";"5";"5";"4";"3";"22";"1";"0";"0";"3";"1";"0";"0";"0";"17";"4";"Mozilla/5.0 (iPhone; CPU iPhone OS 17_7 like Mac OS X) AppleWebKit/605.1.15 (KHTML, like Gecko) Mobile/21H16 Instagram 385.0.0.28.70 (iPhone12,1; iOS 17_7; de_DE; de; scale=2.00; 828x1792; 748614773; IABMV/1)";"https://l.instagram.com/";"0";"0";"-66";"0";"7365788,7365785,7371199,7365786,7365792,7365780";"0";"1";"0";"-77";"-77";"58836f36cde230063e0fc52fbdc357b4";"1";"0";"1750513512";"2025-06-21 13:45:12";"2025-06-21 13:48:10";"0000-00-00 00:00:00";"51";"126";"21";"0";"0";"178";"77";"7365788"
"69";"0";"0";"31";"7365780";"-77";"213";"3";"3";"2";"2";"4";"2";"2";"3";"5";"5";"4";"5";"5";"4";"2";"22";"1";"0";"0";"4";"1";"0";"0";"0";"14";"4";"Mozilla/5.0 (iPhone; CPU iPhone OS 18_5 like Mac OS X) AppleWebKit/605.1.15 (KHTML, like Gecko) Version/18.5 Mobile/15E148 Safari/604.1";"-99";"0";"0";"-66";"0";"7365790,7365785,7371199,7365786,7365792,7365780";"1";"1";"0";"-77";"-77";"d891b7359599497ee931ff20bab86501";"1";"0";"1750521582";"2025-06-21 15:59:42";"2025-06-21 16:03:15";"0000-00-00 00:00:00";"49";"149";"0";"0";"21";"213";"109";"7365790"
"70";"0";"0";"31";"7365780";"-77";"219";"5";"5";"5";"5";"5";"5";"5";"5";"2";"3";"4";"4";"5";"5";"5";"22";"1";"0";"0";"4";"0";"1";"0";"0";"15";"4";"Mozilla/5.0 (iPhone; CPU iPhone OS 18_5 like Mac OS X) AppleWebKit/605.1.15 (KHTML, like Gecko) Version/18.5 Mobile/15E148 Safari/604.1";"-99";"0";"0";"-66";"0";"7365790,7365785,7371199,7365786,7365792,7365780";"0";"0";"0";"-77";"-77";"604a059757a9c2666668eb1fe7fe31a5";"1";"0";"1750521873";"2025-06-21 16:04:33";"2025-06-21 16:08:12";"0000-00-00 00:00:00";"45";"168";"0";"0";"21";"219";"59";"7365790"
"71";"0";"0";"31";"7365780";"-77";"425";"4";"3";"4";"5";"5";"4";"4";"5";"4";"5";"4";"4";"5";"4";"5";"18";"1";"0";"0";"3";"0";"0";"1";"0";"1";"4";"Mozilla/5.0 (iPhone; CPU iPhone OS 18_5 like Mac OS X) AppleWebKit/605.1.15 (KHTML, like Gecko) Version/18.5 Mobile/15E148 Safari/604.1";"-99";"0";"0";"-66";"0";"7365789,7365785,7371199,7365786,7365792,7365780";"1";"0";"0";"-77";"-77";"e09a9032bbd0ccd2f5bab6701b3aadb7";"1";"0";"1750521886";"2025-06-21 16:04:46";"2025-06-21 16:11:51";"0000-00-00 00:00:00";"67";"161";"0";"22";"0";"425";"98";"7365789"
"72";"0";"0";"31";"7365780";"-77";"131";"5";"5";"5";"1";"5";"5";"5";"5";"5";"5";"5";"5";"4";"3";"4";"32";"0";"1";"0";"3";"1";"0";"0";"0";"8";"5";"Mozilla/5.0 (Linux; Android 10; K) AppleWebKit/537.36 (KHTML, like Gecko) Chrome/137.0.0.0 Mobile Safari/537.36";"-99";"0";"0";"-66";"0";"7365788,7365785,7371199,7365786,7365792,7365792,7365792,7365780";"0";"1";"0";"-77";"-77";"b4f3f3eecd41e8ce42ec0a2dc9debb0a";"1";"0";"1750525795";"2025-06-21 17:09:55";"2025-06-21 17:12:06";"0000-00-00 00:00:00";"43";"95";"21";"0";"0";"130";"53";"7365788"
"73";"0";"0";"31";"7365780";"-77";"205";"4";"5";"2";"3";"4";"5";"5";"3";"2";"5";"2";"3";"4";"5";"3";"21";"0";"1";"0";"4";"1";"0";"0";"0";"3";"3";"Mozilla/5.0 (iPhone; CPU iPhone OS 18_5 like Mac OS X) AppleWebKit/605.1.15 (KHTML, like Gecko) Version/18.5 Mobile/22F76 Safari/604.1";"-99";"0";"0";"-66";"0";"7365790,7365785,7371199,7365786,7365792,7365780";"0";"1";"0";"-77";"-77";"c3eec9fa3eba309da99932c6ba9f9e1f";"1";"0";"1750540851";"2025-06-21 21:20:51";"2025-06-21 21:24:16";"0000-00-00 00:00:00";"55";"162";"0";"0";"22";"205";"96";"7365790"
"75";"0";"0";"31";"7365780";"-77";"151";"4";"4";"3";"3";"5";"4";"4";"4";"4";"5";"5";"5";"4";"5";"2";"21";"1";"0";"0";"3";"1";"0";"0";"0";"3";"5";"Mozilla/5.0 (iPhone; CPU iPhone OS 18_4_1 like Mac OS X) AppleWebKit/605.1.15 (KHTML, like Gecko) Version/18.4.1 Mobile/22E252 Safari/604.1";"-99";"0";"0";"-66";"0";"7365789,7365785,7371199,7365786,7365792,7365780";"0";"1";"0";"-77";"-77";"706a6e6a712a670ac30af93d28ebed65";"1";"0";"1750541718";"2025-06-21 21:35:18";"2025-06-21 21:37:49";"0000-00-00 00:00:00";"53";"113";"0";"23";"0";"151";"73";"7365789"
"76";"0";"0";"31";"7365780";"-77";"196";"4";"4";"3";"1";"5";"5";"5";"5";"3";"4";"4";"2";"5";"4";"5";"25";"0";"1";"0";"5";"1";"0";"0";"0";"16";"4";"Mozilla/5.0 (iPhone; CPU iPhone OS 18_5 like Mac OS X) AppleWebKit/605.1.15 (KHTML, like Gecko) Version/18.5 Mobile/15E148 Safari/604.1";"-99";"0";"0";"-66";"0";"7365788,7365785,7371199,7365786,7365792,7365780";"1";"0";"0";"-77";"-77";"e91cef3ee6d291eb4bdffc703133f8fe";"1";"0";"1750554037";"2025-06-22 01:00:37";"2025-06-22 01:03:53";"0000-00-00 00:00:00";"68";"157";"21";"0";"0";"196";"92";"7365788"
"77";"0";"0";"31";"7365780";"-77";"176";"4";"4";"4";"3";"5";"5";"5";"5";"3";"5";"3";"4";"5";"3";"2";"23";"1";"0";"0";"4";"1";"0";"0";"0";"17";"3";"Mozilla/5.0 (iPhone; CPU iPhone OS 18_5 like Mac OS X) AppleWebKit/605.1.15 (KHTML, like Gecko) Version/18.5 Mobile/15E148 Safari/604.1";"-99";"0";"0";"-66";"0";"7365790,7365785,7371199,7365786,7365792,7365792,7365792,7365780";"1";"0";"0";"-77";"-77";"0c3fbd9eb51d03cd17f62d6258da26d0";"1";"0";"1750574680";"2025-06-22 06:44:40";"2025-06-22 06:47:36";"0000-00-00 00:00:00";"44";"117";"0";"0";"22";"176";"64";"7365790"
"78";"0";"0";"31";"7365780";"-77";"153";"4";"3";"3";"2";"5";"4";"4";"4";"5";"5";"4";"4";"4";"3";"2";"30";"0";"1";"0";"4";"0";"0";"0";"1";"23";"3";"Mozilla/5.0 (iPhone; CPU iPhone OS 18_5 like Mac OS X) AppleWebKit/605.1.15 (KHTML, like Gecko) Version/18.5 Mobile/15E148 Safari/604.1";"-99";"0";"0";"-66";"0";"7365789,7365785,7371199,7365786,7365792,7365780";"1";"0";"0";"-77";"-77";"8889e7ddb349f908f3ded3201c6bbcf0";"1";"0";"1750574882";"2025-06-22 06:48:02";"2025-06-22 06:50:35";"0000-00-00 00:00:00";"50";"116";"0";"26";"0";"153";"73";"7365789"
"79";"0";"0";"31";"7365780";"-77";"131";"3";"4";"3";"2";"5";"4";"5";"5";"4";"4";"5";"3";"4";"2";"2";"30";"0";"1";"0";"4";"1";"0";"0";"0";"6";"4";"Mozilla/5.0 (iPhone; CPU iPhone OS 18_5 like Mac OS X) AppleWebKit/605.1.15 (KHTML, like Gecko) Version/18.5 Mobile/15E148 Safari/604.1";"-99";"0";"0";"-66";"0";"7365790,7365785,7371199,7365786,7365792,7365780";"0";"0";"0";"-77";"-77";"08eed11583738168c5584d649cd2bf5e";"1";"0";"1750574895";"2025-06-22 06:48:15";"2025-06-22 06:50:26";"0000-00-00 00:00:00";"47";"109";"0";"0";"21";"131";"68";"7365790"
"80";"0";"0";"31";"7365780";"-77";"381";"3";"4";"4";"2";"4";"3";"4";"3";"4";"5";"3";"3";"4";"4";"2";"66";"0";"1";"0";"4";"1";"0";"0";"0";"3";"3";"Mozilla/5.0 (Linux; Android 10; K) AppleWebKit/537.36 (KHTML, like Gecko) SamsungBrowser/28.0 Chrome/130.0.0.0 Mobile Safari/537.36";"-99";"0";"0";"-66";"0";"7365788,7365785,7371199,7365786,7365792,7365780";"0";"0";"0";"-77";"-77";"882f3648bf11b1d31174dce027820b8b";"1";"0";"1750575336";"2025-06-22 06:55:36";"2025-06-22 07:01:57";"0000-00-00 00:00:00";"123";"316";"21";"0";"0";"381";"195";"7365788"
"81";"0";"0";"31";"7365780";"-77";"218";"3";"2";"4";"3";"5";"5";"5";"5";"5";"5";"5";"4";"3";"3";"4";"25";"0";"1";"0";"3";"1";"0";"0";"0";"20";"3";"Mozilla/5.0 (iPhone; CPU iPhone OS 18_5 like Mac OS X) AppleWebKit/605.1.15 (KHTML, like Gecko) Version/18.5 Mobile/15E148 Safari/604.1";"-99";"0";"0";"-66";"0";"7365790,7365785,7371199,7365786,7365792,7365780";"1";"1";"0";"-77";"-77";"9b5e86895f0bec6b974945d22585fdcc";"1";"0";"1750575817";"2025-06-22 07:03:37";"2025-06-22 07:07:15";"0000-00-00 00:00:00";"78";"151";"0";"0";"29";"218";"104";"7365790"
"82";"0";"0";"31";"7365780";"-77";"226";"3";"4";"2";"3";"5";"5";"5";"5";"5";"5";"4";"3";"3";"4";"5";"26";"1";"0";"0";"5";"1";"0";"0";"0";"19";"5";"Mozilla/5.0 (iPhone; CPU iPhone OS 18_5 like Mac OS X) AppleWebKit/605.1.15 (KHTML, like Gecko) Version/18.5 Mobile/15E148 Safari/604.1";"-99";"0";"0";"-66";"0";"7365788,7365785,7371199,7365786,7365792,7365792,7365792,7365780";"1";"1";"0";"-77";"-77";"df2afd9802a1b5d23f13e5186e85a867";"1";"0";"1750578369";"2025-06-22 07:46:09";"2025-06-22 07:49:55";"0000-00-00 00:00:00";"66";"155";"25";"0";"0";"226";"96";"7365788"
"83";"0";"0";"31";"7365780";"-77";"176";"5";"5";"5";"3";"5";"5";"5";"5";"5";"5";"5";"5";"5";"4";"4";"25";"1";"0";"0";"4";"1";"0";"0";"0";"5";"5";"Mozilla/5.0 (iPhone; CPU iPhone OS 18_3_1 like Mac OS X) AppleWebKit/605.1.15 (KHTML, like Gecko) CriOS/137.0.7151.107 Mobile/15E148 Safari/604.1";"-99";"0";"0";"-66";"0";"7365788,7365785,7371199,7365786,7365792,7365780";"1";"0";"0";"-77";"-77";"7be231a5bd121af94dddf95e6fd6cba1";"1";"0";"1750579857";"2025-06-22 08:10:57";"2025-06-22 08:13:54";"0000-00-00 00:00:00";"43";"127";"23";"0";"0";"177";"80";"7365788"
"84";"0";"0";"31";"7365780";"-77";"570";"4";"5";"4";"4";"5";"4";"5";"5";"5";"5";"5";"5";"5";"5";"5";"25";"1";"0";"0";"5";"1";"0";"0";"0";"17";"5";"Mozilla/5.0 (iPhone; CPU iPhone OS 18_5 like Mac OS X) AppleWebKit/605.1.15 (KHTML, like Gecko) Version/18.5 Mobile/15E148 Safari/605.1.15 (Ecosia ios@11.1.1.2343)";"-99";"0";"0";"-66";"0";"7365788,7365785,7371199,7365786,7365792,7365780";"1";"0";"0";"-77";"-77";"a2176fb0f92f9f76757dd2e2d249fde1";"1";"0";"1750581689";"2025-06-22 08:41:29";"2025-06-22 08:50:59";"0000-00-00 00:00:00";"62";"539";"42";"0";"0";"570";"399";"7365788"
"85";"0";"0";"31";"7365780";"-77";"494";"2";"2";"1";"1";"3";"3";"4";"3";"2";"2";"1";"2";"2";"2";"1";"30";"0";"1";"0";"2";"1";"0";"0";"0";"19";"2";"Mozilla/5.0 (iPhone; CPU iPhone OS 18_5 like Mac OS X) AppleWebKit/605.1.15 (KHTML, like Gecko) Version/18.5 Mobile/15E148 Safari/604.1";"-99";"0";"0";"-66";"0";"7365788,7365785,7371199,7365786,7365792,7365780";"0";"1";"0";"-77";"-77";"a1c6c8256aab5eb45bf4de3758ce094d";"1";"0";"1750582354";"2025-06-22 08:52:34";"2025-06-22 09:00:48";"0000-00-00 00:00:00";"89";"264";"29";"0";"0";"494";"130";"7365788"
"86";"0";"0";"31";"7365780";"-77";"111";"2";"4";"5";"1";"4";"4";"4";"5";"5";"5";"5";"4";"5";"5";"3";"20";"1";"0";"0";"5";"1";"0";"0";"0";"12";"3";"Mozilla/5.0 (Linux; Android 15; K) AppleWebKit/537.36 (KHTML, like Gecko) Chrome/137.0.7151.90 Mobile Safari/537.36";"-99";"0";"0";"-66";"0";"7365788,7365785,7371199,7365786,7365792,7365780";"0";"1";"0";"-77";"-77";"998d949abc957a315fdc7f3cce56d0e1";"1";"0";"1750582859";"2025-06-22 09:00:59";"2025-06-22 09:02:50";"0000-00-00 00:00:00";"43";"84";"21";"0";"0";"111";"60";"7365788"
"87";"0";"0";"31";"7365780";"-77";"234";"1";"3";"1";"2";"4";"5";"4";"3";"1";"4";"5";"4";"3";"5";"5";"20";"0";"1";"0";"2";"1";"0";"0";"0";"2";"3";"Mozilla/5.0 (Linux; Android 15; K) AppleWebKit/537.36 (KHTML, like Gecko) Chrome/137.0.7151.89 Mobile Safari/537.36";"-99";"0";"0";"-66";"0";"7365788,7365785,7371199,7365786,7365792,7365792,7365792,7365780";"1";"0";"0";"-77";"-77";"c6592505d21c26a1001c6ee3a5c46a68";"1";"0";"1750585914";"2025-06-22 09:51:54";"2025-06-22 09:55:48";"0000-00-00 00:00:00";"84";"165";"32";"0";"0";"234";"117";"7365788"
"88";"0";"0";"31";"7365780";"-77";"176";"5";"4";"5";"1";"5";"5";"5";"5";"5";"4";"5";"4";"5";"4";"5";"33";"0";"1";"0";"5";"1";"0";"0";"0";"10";"5";"Mozilla/5.0 (Linux; Android 10; K) AppleWebKit/537.36 (KHTML, like Gecko) Chrome/137.0.0.0 Mobile Safari/537.36";"-99";"0";"0";"-66";"0";"7365789,7365785,7371199,7365786,7365792,7365780";"0";"0";"0";"-77";"-77";"096faef54ce51cab53f4bef33c0437e8";"1";"0";"1750586430";"2025-06-22 10:00:30";"2025-06-22 10:03:26";"0000-00-00 00:00:00";"74";"140";"0";"22";"0";"176";"93";"7365789"
"89";"0";"0";"31";"7365780";"-77";"306";"5";"3";"4";"1";"5";"5";"5";"5";"5";"5";"5";"4";"3";"3";"2";"33";"1";"0";"0";"4";"1";"0";"0";"0";"22";"4";"Mozilla/5.0 (Linux; Android 10; K) AppleWebKit/537.36 (KHTML, like Gecko) Chrome/137.0.0.0 Mobile Safari/537.36";"-99";"0";"0";"-66";"0";"7365788,7365785,7371199,7365786,7365792,7365780";"0";"0";"0";"-77";"-77";"f03d4103e861002a4e7ffce8fc5b3595";"1";"0";"1750586782";"2025-06-22 10:06:22";"2025-06-22 10:11:28";"0000-00-00 00:00:00";"64";"160";"21";"0";"0";"306";"86";"7365788"
"91";"0";"0";"31";"7365780";"-77";"277";"4";"4";"4";"5";"5";"5";"5";"5";"5";"5";"5";"5";"5";"5";"5";"33";"0";"1";"0";"3";"1";"0";"0";"0";"9";"3";"Mozilla/5.0 (iPhone; CPU iPhone OS 16_1 like Mac OS X) AppleWebKit/605.1.15 (KHTML, like Gecko) Version/16.1 Mobile/15E148 Safari/604.1";"-99";"0";"0";"-66";"0";"7365790,7365785,7371199,7365786,7365792,7365792,7365792,7365780";"1";"0";"0";"-77";"-77";"0fdb24a50afe1b69403b7943c042e12d";"1";"0";"1750587794";"2025-06-22 10:23:14";"2025-06-22 10:27:51";"0000-00-00 00:00:00";"90";"190";"0";"0";"29";"277";"124";"7365790"
"92";"0";"0";"31";"7365780";"-77";"299";"2";"1";"2";"2";"3";"2";"4";"3";"3";"5";"1";"5";"5";"5";"1";"59";"1";"0";"0";"4";"1";"0";"0";"0";"15";"2";"Mozilla/5.0 (Linux; Android 10; K) AppleWebKit/537.36 (KHTML, like Gecko) SamsungBrowser/28.0 Chrome/130.0.0.0 Mobile Safari/537.36";"-99";"0";"0";"-66";"0";"7365789,7365785,7371199,7365786,7365792,7365780";"0";"0";"0";"-77";"-77";"e8a71f561f998b2d80d45b7a466bf7d9";"1";"0";"1750587953";"2025-06-22 10:25:53";"2025-06-22 10:30:52";"0000-00-00 00:00:00";"89";"220";"0";"23";"0";"299";"135";"7365789"
"93";"0";"0";"31";"7365780";"-77";"153";"4";"3";"3";"3";"3";"4";"4";"4";"2";"4";"4";"4";"4";"3";"4";"22";"1";"0";"0";"4";"1";"0";"0";"0";"5";"3";"Mozilla/5.0 (iPhone; CPU iPhone OS 16_2 like Mac OS X) AppleWebKit/605.1.15 (KHTML, like Gecko) Version/16.2 Mobile/15E148 Safari/604.1";"-99";"0";"0";"-66";"0";"7365790,7365785,7371199,7365786,7365792,7365780";"1";"0";"0";"-77";"-77";"123bfd2227e81b061f48bf035d0aca6c";"1";"0";"1750588250";"2025-06-22 10:30:50";"2025-06-22 10:33:23";"0000-00-00 00:00:00";"45";"111";"0";"0";"22";"153";"76";"7365790"
"94";"0";"0";"31";"7365780";"-77";"171";"3";"2";"2";"3";"3";"3";"3";"3";"2";"4";"2";"4";"5";"4";"1";"24";"1";"0";"0";"3";"1";"0";"0";"0";"15";"2";"Mozilla/5.0 (iPhone; CPU iPhone OS 18_5 like Mac OS X) AppleWebKit/605.1.15 (KHTML, like Gecko) Version/18.5 Mobile/22F76 Safari/604.1";"-99";"0";"0";"-66";"0";"7365790,7365785,7371199,7365786,7365792,7365780";"0";"1";"0";"-77";"-77";"db503c0a0890bb41d75abc90e5b8608e";"1";"0";"1750589248";"2025-06-22 10:47:28";"2025-06-22 10:50:19";"0000-00-00 00:00:00";"53";"121";"0";"0";"22";"171";"75";"7365790"
"95";"0";"0";"31";"7365780";"-77";"110";"5";"2";"3";"4";"1";"4";"5";"2";"2";"3";"3";"1";"5";"1";"4";"22";"0";"1";"0";"4";"0";"0";"1";"0";"2025";"3";"Mozilla/5.0 (iPhone; CPU iPhone OS 17_6_1 like Mac OS X) AppleWebKit/605.1.15 (KHTML, like Gecko) Version/17.6 Mobile/15E148 Safari/604.1";"-99";"0";"0";"-66";"0";"7365789,7365785,7371199,7365786,7365792,7365780";"0";"0";"0";"-77";"-77";"d42fc0c502980e12dde7d1ef2ed1e650";"1";"0";"1750589310";"2025-06-22 10:48:30";"2025-06-22 10:50:20";"0000-00-00 00:00:00";"33";"56";"0";"22";"0";"110";"41";"7365789"
"96";"0";"0";"31";"7365780";"-77";"407";"2";"2";"3";"2";"5";"3";"5";"5";"4";"4";"1";"2";"3";"4";"2";"18";"1";"0";"0";"3";"1";"0";"0";"0";"12";"3";"Mozilla/5.0 (iPhone; CPU iPhone OS 17_6_1 like Mac OS X) AppleWebKit/605.1.15 (KHTML, like Gecko) Version/17.6 Mobile/15E148 Safari/604.1";"-99";"0";"0";"-66";"0";"7365790,7365785,7371199,7365786,7365792,7365780";"1";"1";"0";"-77";"-77";"5bc40a1bf751fdf899be6d908b7087a5";"1";"0";"1750594579";"2025-06-22 12:16:19";"2025-06-22 12:23:06";"0000-00-00 00:00:00";"174";"264";"0";"0";"142";"407";"197";"7365790"
"98";"0";"0";"31";"7365780";"-77";"257";"4";"3";"4";"2";"4";"5";"4";"4";"3";"4";"5";"3";"4";"3";"3";"22";"1";"0";"0";"3";"1";"0";"0";"0";"15";"3";"Mozilla/5.0 (Macintosh; Intel Mac OS X 10_15_7) AppleWebKit/605.1.15 (KHTML, like Gecko) Version/17.5 Safari/605.1.15";"-99";"0";"0";"-66";"0";"7365790,7365785,7371199,7365786,7365792,7365792,7365792,7365780";"0";"1";"0";"-77";"-77";"2f1166b4e8d96e0ca041bf8ee66211a7";"1";"0";"1750595167";"2025-06-22 12:26:07";"2025-06-22 12:30:24";"0000-00-00 00:00:00";"102";"163";"0";"0";"26";"257";"132";"7365790"
"99";"0";"0";"31";"7365780";"-77";"742";"3";"3";"4";"2";"3";"2";"4";"2";"1";"3";"2";"4";"5";"3";"2";"20";"0";"1";"0";"2";"1";"0";"0";"0";"3";"3";"Mozilla/5.0 (Linux; Android 10; K) AppleWebKit/537.36 (KHTML, like Gecko) Chrome/137.0.0.0 Mobile Safari/537.36";"-99";"0";"0";"-66";"0";"7365790,7365785,7371199,7365786,7365792,7365792,7365792,7365780";"1";"0";"0";"-77";"-77";"2a1a90c0f0231949c03b34e02952ed11";"1";"0";"1750596334";"2025-06-22 12:45:34";"2025-06-22 12:57:56";"0000-00-00 00:00:00";"80";"324";"0";"0";"43";"742";"157";"7365790"
"100";"0";"0";"31";"7365780";"-77";"257";"5";"4";"4";"3";"4";"5";"5";"5";"4";"4";"4";"4";"3";"4";"3";"54";"0";"1";"0";"4";"0";"0";"1";"0";"17";"4";"Mozilla/5.0 (Linux; Android 10; K) AppleWebKit/537.36 (KHTML, like Gecko) SamsungBrowser/28.0 Chrome/130.0.0.0 Mobile Safari/537.36";"-99";"0";"0";"-66";"0";"7365788,7365785,7371199,7365786,7365792,7365780";"1";"0";"0";"-77";"-77";"cb1bf7114c7831beb42a64359af097a0";"1";"0";"1750597619";"2025-06-22 13:06:59";"2025-06-22 13:11:16";"0000-00-00 00:00:00";"71";"201";"31";"0";"0";"257";"147";"7365788"
"101";"0";"0";"31";"7365780";"-77";"189";"3";"4";"4";"2";"5";"5";"5";"5";"5";"5";"4";"4";"5";"4";"5";"28";"1";"0";"0";"4";"1";"0";"0";"0";"22";"4";"Mozilla/5.0 (Linux; Android 10; K) AppleWebKit/537.36 (KHTML, like Gecko) Chrome/137.0.0.0 Mobile Safari/537.36";"android-app://com.linkedin.android/";"0";"0";"-66";"0";"7365788,7365785,7371199,7365786,7365792,7365780";"1";"1";"0";"-77";"-77";"33d9173043e9cd811b8b64058ae00129";"1";"0";"1750600178";"2025-06-22 13:49:38";"2025-06-22 13:52:47";"0000-00-00 00:00:00";"77";"114";"51";"0";"0";"189";"88";"7365788"
"102";"0";"0";"31";"7365780";"-77";"357";"4";"3";"4";"3";"5";"2";"3";"4";"4";"4";"5";"3";"3";"5";"2";"26";"0";"1";"0";"3";"1";"0";"0";"0";"14";"3";"Mozilla/5.0 (iPhone; CPU iPhone OS 18_5_0 like Mac OS X) AppleWebKit/605.1.15 (KHTML, like Gecko) CriOS/137.0.7151.107 Mobile/15E148 Safari/604.1";"-99";"0";"0";"-66";"0";"7365790,7365785,7371199,7365786,7365792,7365780";"1";"0";"0";"-77";"-77";"a70fcdef3ed3d604e828d3961ae9d11b";"1";"0";"1750604816";"2025-06-22 15:06:56";"2025-06-22 15:12:53";"0000-00-00 00:00:00";"78";"191";"0";"0";"32";"357";"108";"7365790"
"103";"0";"0";"31";"7365780";"-77";"245";"3";"5";"2";"3";"2";"3";"4";"4";"3";"3";"2";"4";"4";"4";"2";"21";"1";"0";"0";"5";"1";"0";"0";"0";"0";"3";"Mozilla/5.0 (iPhone; CPU iPhone OS 18_5 like Mac OS X) AppleWebKit/605.1.15 (KHTML, like Gecko) Version/18.5 Mobile/15E148 Safari/604.1";"-99";"0";"0";"-66";"0";"7365788,7365785,7371199,7365786,7365792,7365780";"1";"0";"0";"-77";"-77";"ee1461f81e64d39d68c33388c13ea7c2";"1";"0";"1750614229";"2025-06-22 17:43:49";"2025-06-22 17:47:55";"0000-00-00 00:00:00";"89";"203";"26";"0";"0";"246";"131";"7365788"
"104";"0";"0";"31";"7365780";"-77";"134";"3";"4";"2";"4";"5";"4";"5";"5";"5";"4";"5";"4";"4";"5";"4";"20";"1";"0";"0";"5";"1";"0";"0";"0";"15";"4";"Mozilla/5.0 (Linux; Android 10; K) AppleWebKit/537.36 (KHTML, like Gecko) Chrome/129.0.0.0 Mobile Safari/537.36 (Ecosia android@129.0.0.0)";"-99";"0";"0";"-66";"0";"7365788,7365785,7371199,7365786,7365792,7365780";"1";"1";"0";"-77";"-77";"08663773bc4fc8b0dab83d6b2e1b60bc";"1";"0";"1750616202";"2025-06-22 18:16:42";"2025-06-22 18:18:56";"0000-00-00 00:00:00";"58";"99";"22";"0";"0";"134";"73";"7365788"
"105";"0";"0";"31";"7365780";"-77";"160";"4";"2";"4";"2";"5";"5";"5";"5";"5";"5";"2";"4";"4";"5";"2";"20";"1";"0";"0";"3";"1";"0";"0";"0";"15";"2";"Mozilla/5.0 (Linux; Android 10; K) AppleWebKit/537.36 (KHTML, like Gecko) SamsungBrowser/28.0 Chrome/130.0.0.0 Mobile Safari/537.36";"-99";"0";"0";"-66";"0";"7365790,7365785,7365785,7365785,7371199,7365786,7365792,7365780";"0";"0";"0";"-77";"-77";"519cc5e28a7b63a52a91e0ab4e765557";"1";"0";"1750619395";"2025-06-22 19:09:55";"2025-06-22 19:12:35";"0000-00-00 00:00:00";"65";"114";"0";"0";"30";"160";"82";"7365790"
"106";"0";"0";"31";"7365780";"-77";"226";"3";"3";"2";"3";"4";"3";"3";"3";"1";"4";"3";"1";"4";"2";"1";"26";"1";"0";"0";"3";"0";"1";"0";"0";"7";"3";"Mozilla/5.0 (Linux; Android 10; K) AppleWebKit/537.36 (KHTML, like Gecko) Chrome/137.0.0.0 Mobile Safari/537.36";"-99";"0";"0";"-66";"0";"7365788,7365785,7371199,7365786,7365792,7365780";"0";"0";"0";"-77";"-77";"dcc8ec7a1fdcba80e76e2f668aa951cc";"1";"0";"1750622085";"2025-06-22 19:54:45";"2025-06-22 19:58:31";"0000-00-00 00:00:00";"43";"101";"24";"0";"0";"226";"62";"7365788"
"108";"0";"0";"31";"7365780";"-77";"178";"5";"5";"5";"5";"5";"5";"5";"5";"5";"5";"5";"5";"5";"5";"3";"55";"0";"1";"0";"5";"1";"0";"0";"0";"21";"5";"Mozilla/5.0 (iPhone; CPU iPhone OS 18_4_1 like Mac OS X) AppleWebKit/605.1.15 (KHTML, like Gecko) Mobile/15E148 [LinkedInApp]/9.31.2441.3";"https://www.linkedin.com/";"0";"0";"-66";"0";"7365790,7365785,7371199,7365786,7365792,7365780";"1";"0";"0";"-77";"-77";"289b2173586ce20ed62f785e9cce44c0";"1";"0";"1750689891";"2025-06-23 14:44:51";"2025-06-23 14:47:49";"0000-00-00 00:00:00";"62";"124";"0";"0";"34";"178";"82";"7365790"
"110";"0";"0";"31";"7365780";"-77";"707";"3";"3";"4";"2";"4";"4";"3";"4";"3";"4";"5";"4";"5";"5";"3";"47";"1";"0";"0";"3";"0";"0";"1";"0";"20";"4";"Mozilla/5.0 (iPhone; CPU iPhone OS 18_5_0 like Mac OS X) AppleWebKit/605.1.15 (KHTML, like Gecko) CriOS/137.0.7151.107 Mobile/15E148 Safari/604.1";"-99";"0";"0";"-66";"0";"7365790,7365785,7371199,7365786,7365792,7365780";"0";"0";"0";"-77";"-77";"64339106c164169f9aa387b7870a88c0";"1";"0";"1750708473";"2025-06-23 19:54:33";"2025-06-23 20:06:20";"0000-00-00 00:00:00";"192";"460";"0";"0";"75";"707";"278";"7365790"
"111";"0";"0";"31";"7365780";"-77";"408";"3";"3";"3";"1";"4";"3";"3";"3";"1";"5";"2";"3";"5";"2";"3";"21";"0";"1";"0";"5";"1";"0";"0";"0";"5";"2";"Mozilla/5.0 (Macintosh; Intel Mac OS X 10_15_7) AppleWebKit/605.1.15 (KHTML, like Gecko) Version/18.5 Safari/605.1.15";"-99";"0";"0";"-66";"0";"7365788,7365785,7371199,7365786,7365792,7365780";"0";"0";"0";"-77";"-77";"d17bab609e320280e93c3986abd130eb";"1";"0";"1750764546";"2025-06-24 11:29:06";"2025-06-24 11:35:54";"0000-00-00 00:00:00";"78";"264";"21";"0";"0";"408";"125";"7365788"
"112";"0";"0";"31";"7365780";"-77";"84";"1";"3";"4";"2";"2";"4";"2";"5";"1";"1";"5";"2";"4";"2";"4";"29";"0";"0";"1";"5";"1";"1";"1";"1";"33";"4";"Mozilla/5.0 (iPhone; CPU iPhone OS 18_5 like Mac OS X) AppleWebKit/605.1.15 (KHTML, like Gecko) Version/18.5 Mobile/22F76 Safari/604.1";"-99";"0";"0";"-66";"0";"7365788,7365785,7371199,7365786,7365792,7365792,7365792,7365780";"0";"1";"0";"-77";"-77";"eafd62b266c08bcd53f7b16bacf9f2eb";"1";"0";"1750766466";"2025-06-24 12:01:06";"2025-06-24 12:02:30";"0000-00-00 00:00:00";"43";"61";"30";"0";"0";"84";"51";"7365788"
"113";"0";"0";"31";"7365780";"-77";"193";"2";"4";"2";"3";"4";"4";"4";"5";"5";"5";"5";"3";"4";"5";"2";"22";"1";"0";"0";"4";"1";"0";"0";"0";"17";"4";"Mozilla/5.0 (iPhone; CPU iPhone OS 18_5 like Mac OS X) AppleWebKit/605.1.15 (KHTML, like Gecko) Version/18.5 Mobile/22F76 Safari/604.1";"-99";"0";"0";"-66";"0";"7365790,7365785,7371199,7365786,7365792,7365780";"1";"0";"0";"-77";"-77";"78e2a92ba54a9ef27477ad3e83d43a7a";"1";"0";"1750769168";"2025-06-24 12:46:08";"2025-06-24 12:49:21";"0000-00-00 00:00:00";"69";"146";"0";"0";"23";"193";"100";"7365790"
"115";"0";"0";"31";"7365780";"-77";"343";"4";"4";"4";"2";"4";"4";"3";"4";"3";"2";"2";"5";"4";"4";"3";"19";"1";"0";"0";"4";"1";"0";"0";"0";"13";"3";"Mozilla/5.0 (iPhone; CPU iPhone OS 18_2_1 like Mac OS X) AppleWebKit/605.1.15 (KHTML, like Gecko) Version/18.2.1 Mobile/22C161 Safari/604.1";"-99";"0";"0";"-66";"0";"7365789,7365785,7371199,7365786,7365792,7365780";"1";"0";"0";"-77";"-77";"caf0f7ebe88952f1b6d615a22baa6faa";"1";"0";"1750781689";"2025-06-24 16:14:49";"2025-06-24 16:20:32";"0000-00-00 00:00:00";"132";"244";"0";"105";"0";"342";"167";"7365789"
"116";"0";"0";"31";"7365780";"-77";"301";"3";"2";"4";"5";"4";"4";"5";"4";"4";"4";"5";"4";"4";"2";"3";"21";"1";"0";"0";"4";"1";"0";"0";"0";"12";"3";"Mozilla/5.0 (iPhone; CPU iPhone OS 17_5_1 like Mac OS X) AppleWebKit/605.1.15 (KHTML, like Gecko) Version/17.5 Mobile/15E148 Safari/604.1";"-99";"0";"0";"-66";"0";"7365788,7365785,7371199,7365785,7365785,7371199,7365786,7365792,7365780";"1";"0";"0";"-77";"-77";"00f3398bf613e3f8e5745ccace12125e";"1";"0";"1750787218";"2025-06-24 17:46:58";"2025-06-24 17:51:59";"0000-00-00 00:00:00";"119";"240";"28";"0";"0";"301";"148";"7365788"
"117";"0";"0";"31";"7365780";"-77";"118";"5";"5";"5";"1";"5";"3";"5";"5";"3";"1";"5";"5";"5";"2";"5";"23";"1";"0";"0";"5";"1";"0";"0";"0";"16";"5";"Mozilla/5.0 (iPhone; CPU iPhone OS 18_1_1 like Mac OS X) AppleWebKit/605.1.15 (KHTML, like Gecko) Mobile/15E148 MicroMessenger/8.0.51(0x1800332e) NetType/WIFI Language/zh_CN";"-99";"0";"0";"-66";"0";"7365790,7365785,7371199,7365786,7365792,7365780";"1";"0";"0";"-77";"-77";"3584d2602f0165d5710ec50a1fe894e8";"1";"0";"1751211092";"2025-06-29 15:31:32";"2025-06-29 15:33:30";"0000-00-00 00:00:00";"52";"87";"0";"0";"27";"118";"65";"7365790"
"119";"0";"0";"31";"7365780";"-77";"108";"3";"3";"2";"1";"2";"3";"2";"3";"2";"2";"2";"3";"3";"2";"2";"21";"1";"0";"0";"3";"1";"0";"0";"0";"3";"3";"Mozilla/5.0 (iPhone; CPU iPhone OS 18_5 like Mac OS X) AppleWebKit/605.1.15 (KHTML, like Gecko) Mobile/15E148 MicroMessenger/8.0.60(0x18003c30) NetType/WIFI Language/zh_CN";"-99";"0";"0";"-66";"0";"7365790,7365785,7371199,7365786,7365792,7365780";"0";"0";"0";"-77";"-77";"10a225719672c87b5639812bd706607e";"1";"0";"1751211651";"2025-06-29 15:40:51";"2025-06-29 15:42:39";"0000-00-00 00:00:00";"48";"89";"0";"0";"22";"108";"65";"7365790"
"120";"0";"0";"31";"7365780";"-77";"247";"2";"1";"2";"3";"5";"5";"5";"5";"1";"1";"1";"1";"5";"1";"1";"27";"1";"0";"0";"2";"1";"0";"0";"0";"5";"2";"Mozilla/5.0 (iPhone; CPU iPhone OS 18_5 like Mac OS X) AppleWebKit/605.1.15 (KHTML, like Gecko) Version/18.5 Mobile/15E148 Safari/604.1";"-99";"0";"0";"-66";"0";"7365789,7365785,7365785,7365785,7371199,7365786,7365792,7365780";"1";"1";"0";"-77";"-77";"033580ea269f98fdda668b9b758d7877";"1";"0";"1751276514";"2025-06-30 09:41:54";"2025-06-30 09:46:01";"0000-00-00 00:00:00";"121";"194";"0";"21";"0";"247";"149";"7365789"
"121";"0";"0";"31";"7365780";"-77";"198";"5";"5";"5";"4";"4";"3";"5";"4";"3";"5";"4";"5";"4";"5";"5";"36";"1";"0";"0";"4";"1";"0";"0";"0";"3";"5";"Mozilla/5.0 (iPhone; CPU iPhone OS 18_5_0 like Mac OS X) AppleWebKit/605.1.15 (KHTML, like Gecko) CriOS/137.0.7151.107 Mobile/15E148 Safari/604.1";"-99";"0";"0";"-66";"0";"7365788,7365785,7371199,7365786,7365792,7365780";"1";"0";"0";"-77";"-77";"086a59eda6fd235eacac730d71b46456";"1";"0";"1751276535";"2025-06-30 09:42:15";"2025-06-30 09:45:33";"0000-00-00 00:00:00";"69";"158";"38";"0";"0";"198";"110";"7365788"
"122";"0";"0";"31";"7365780";"-77";"385";"4";"3";"4";"2";"3";"4";"4";"4";"1";"2";"2";"2";"4";"5";"2";"26";"1";"0";"0";"3";"1";"0";"0";"0";"9";"3";"Mozilla/5.0 (Macintosh; Intel Mac OS X 10_15_7) AppleWebKit/537.36 (KHTML, like Gecko) Chrome/136.0.0.0 Safari/537.36";"-99";"0";"0";"-66";"0";"7365789,7365785,7371199,7365786,7365792,7365780";"0";"0";"0";"-77";"-77";"0194f8e740391c46f5341ccbe2f4d0b2";"1";"0";"1751283665";"2025-06-30 11:41:05";"2025-06-30 11:47:30";"0000-00-00 00:00:00";"129";"338";"0";"52";"0";"385";"165";"7365789"
"123";"0";"0";"31";"7365780";"-77";"226";"3";"2";"2";"3";"3";"3";"3";"3";"5";"5";"3";"4";"5";"5";"2";"28";"1";"0";"0";"4";"1";"0";"0";"0";"18";"3";"Mozilla/5.0 (Linux; Android 10; K) AppleWebKit/537.36 (KHTML, like Gecko) Chrome/137.0.0.0 Mobile Safari/537.36";"-99";"0";"0";"-66";"0";"7365788,7365785,7371199,7365786,7365792,7365780";"1";"1";"0";"-77";"-77";"67770484847bf181c0c6173a67d20867";"1";"0";"1751291305";"2025-06-30 13:48:25";"2025-06-30 13:52:11";"0000-00-00 00:00:00";"52";"140";"21";"0";"0";"226";"91";"7365788"
"124";"0";"0";"31";"7365780";"-77";"399";"4";"3";"2";"4";"4";"3";"3";"3";"4";"4";"2";"4";"5";"5";"4";"34";"1";"0";"0";"3";"1";"0";"0";"0";"20";"2";"Mozilla/5.0 (iPhone; CPU iPhone OS 18_5 like Mac OS X) AppleWebKit/605.1.15 (KHTML, like Gecko) Version/18.5 Mobile/15E148 Safari/604.1";"-99";"0";"0";"-66";"0";"7365789,7365785,7371199,7365786,7365792,7365780";"1";"1";"0";"-77";"-77";"adece2a30a1a98c335d8ed955e25d2d5";"1";"0";"1751293020";"2025-06-30 14:17:00";"2025-06-30 14:23:39";"0000-00-00 00:00:00";"73";"238";"0";"28";"0";"399";"144";"7365789"
"114";"0";"0";"32";"7365780";"-77";"-1";"4";"4";"4";"2";"5";"5";"5";"4";"4";"5";"4";"5";"5";"4";"4";"22";"1";"0";"0";"3";"0";"1";"0";"0";"16";"4";"Mozilla/5.0 (iPhone; CPU iPhone OS 18_5 like Mac OS X) AppleWebKit/605.1.15 (KHTML, like Gecko) Mobile/22F76 Instagram 385.0.0.28.70 (iPhone14,6; iOS 18_5; de_DE; de; scale=2.00; 750x1334; 748614773; IABMV/1)";"https://l.instagram.com/";"0";"0";"-66";"0";"7365790,7365785,7365785,7365785,7371199,7365786,7365792,7365792,7365792,7365780";"0";"0";"0";"-77";"-77";"df1ab11a92b596d95aa3c8e7a92364ad";"1";"0";"1750776568";"2025-06-24 14:49:28";"2025-06-26 08:00:39";"0000-00-00 00:00:00";"147927";"148150";"0";"0";"22";"148271";"147952";"7365790"
